"","Control_T09_Rep1","Control_T09_Rep3","Control_T09_Rep4","Control_T12_Rep1","Control_T12_Rep3","Control_T12_Rep4","Control_T15_Rep1","Control_T15_Rep3","Control_T15_Rep4","Control_T18_Rep1","Control_T18_Rep3","Control_T18_Rep4","Control_T21_Rep1","Control_T21_Rep3","Control_T21_Rep4","Control_T24_Rep1","Control_T24_Rep3","Control_T24_Rep4","Control_T27_Rep1","Control_T27_Rep3","Control_T27_Rep4","Control_T30_Rep1","Control_T30_Rep3","Control_T30_Rep4","Control_T33_Rep1","Control_T33_Rep3","Control_T33_Rep4","Control_T36_Rep1","Control_T36_Rep4","Control_T39_Rep1","Control_T39_Rep4","Control_T42_Rep1","Control_T42_Rep3","Control_T42_Rep4","Infected_T09_Rep1","Infected_T09_Rep3","Infected_T09_Rep4","Infected_T12_Rep1","Infected_T12_Rep3","Infected_T12_Rep4","Infected_T15_Rep1","Infected_T15_Rep3","Infected_T15_Rep4","Infected_T18_Rep1","Infected_T18_Rep3","Infected_T18_Rep4","Infected_T21_Rep1","Infected_T21_Rep3","Infected_T21_Rep4","Infected_T24_Rep1","Infected_T24_Rep3","Infected_T24_Rep4","Infected_T27_Rep1","Infected_T27_Rep3","Infected_T27_Rep4","Infected_T30_Rep1","Infected_T30_Rep3","Infected_T30_Rep4","Infected_T33_Rep1","Infected_T33_Rep3","Infected_T33_Rep4","Infected_T36_Rep1","Infected_T36_Rep3","Infected_T36_Rep4","Infected_T39_Rep1","Infected_T39_Rep3","Infected_T39_Rep4","Infected_T42_Rep1","Infected_T42_Rep3","Infected_T42_Rep4"
"Lsat_1_v5_gn_0_11100",156.503060333279,116.191209273902,139.510510725807,131.392936828165,100.591608162762,133.75606109591,179.598330867626,166.641449229821,134.982323737341,273.891218157974,316.553937263595,351.756830702982,340.261808805879,176.850895936795,383.972985279971,339.996238518088,340.385334133468,285.495555850185,322.477576024497,320.444523624313,188.904328101543,260.291454201091,183.552849756874,152.733189263694,103.627026608938,146.446114737081,185.064297501284,201.982364751512,282.018752105304,179.499948149073,145.98781403445,353.323965877517,313.885282060101,277.207690311014,142.617303111587,121.31853630079,119.472337781148,128.598743545192,96.374009186262,84.2421526783738,191.745428828218,214.737244848587,188.493074736836,260.350586398038,271.21308811666,459.181746891343,362.692583078333,184.292488255217,270.544001959819,332.172026795555,336.54092848924,354.17592778077,250.017466889569,255.632978278824,222.857482976208,166.427274809142,185.97846276259,136.595555294904,145.190073027444,144.601973237215,136.451583409647,150.828559867577,197.711649236959,140.991323547917,84.4160468425903,112.721478536785,131.526480183457,217.724216225028,132.367264605664,131.5527892023
"Lsat_1_v5_gn_0_11160",845.806980477649,910.789156566391,915.153853377462,837.476475858021,824.112899902258,829.862873681077,868.318886629566,817.942380570799,786.918227745353,825.855199789311,754.688309448102,819.463135230279,921.05351694005,1050.41658520701,828.404028543722,580.738916723442,702.443142724872,578.218847291514,595.417934045231,596.227789600638,772.450371345913,609.709943303723,711.267292807885,808.269444068043,685.912223744877,881.38865351021,714.763638818735,743.792878729503,664.5901512008,742.279978819356,798.329757828026,839.020009111963,916.545023615496,854.723711792294,691.76056369078,723.997716633747,994.00985033915,713.515609347514,731.524622109056,942.659024907373,921.468553705276,814.84469678235,1016.11498566745,1008.7347815194,931.624619067396,1045.91397903028,839.274141519428,1086.35572024128,1085.13277288802,704.607329566329,682.456256100743,839.605287621472,898.210899566229,769.697836058503,887.023145518299,926.153185429121,853.686504680961,876.909737695681,760.696707400199,886.538799271091,1038.70286962854,1055.79991907304,851.494342112546,914.598166889366,754.208943101831,1030.18870257669,1012.29584499407,817.30321167549,657.323802644034,879.373007016718
"Lsat_1_v5_gn_0_11181",1314.16540368092,845.197344879511,953.760535590893,1358.13633768178,1612.23430697564,1141.96034957153,1200.96622988873,1217.37302986976,806.064656644266,906.349947110547,1304.02429893832,1073.50973518243,801.114488548706,1118.43616056731,702.985716768858,495.211912624172,875.822938388361,522.203896460148,428.35123803254,664.336207513819,492.834558957986,473.993776521831,554.830204946913,720.414069712821,1152.2338434851,965.459571229646,604.291583677663,981.193951991944,990.600686364313,899.234039761299,1061.3708641964,930.585656606982,1092.32078156915,898.03741340339,803.721810993334,847.925253715199,1290.3012480364,1410.43783243113,1153.73456711554,1993.0200424795,1324.95182574191,897.269093794939,1313.2100306169,1223.54876345238,1141.54661382436,1191.02879339394,933.013528933393,1641.38865270582,895.160618506395,796.114774964554,580.275305668077,670.850874972987,786.166034774978,660.540688399297,884.50498186885,829.800552644881,493.52333533097,500.007186974557,691.204022874243,769.191648214713,1045.66468510862,1213.38199654662,858.772071532312,1113.16709900659,1378.33414188885,1251.35109717418,916.104837098707,931.189724777813,1812.52902102073,1466.50458298672
"Lsat_1_v5_gn_0_12501",149.59851355387,94.6396140053555,122.839443406371,98.237709778067,103.360184534214,148.138433256761,143.678664694101,179.362170545074,165.616609975603,169.352585273251,188.30140530434,161.547581508036,198.16013386396,146.727941134374,118.343432649103,200.618898504462,206.525933069745,181.596856727491,250.600044019037,72.5745436779802,206.672556982381,170.15161208476,146.00794867024,121.645902953384,164.076125464152,147.802097280943,90.6437375516494,258.460845890561,122.548538519296,177.76564913314,161.770280416552,271.711106153696,315.140823188342,157.373115853649,59.9792396263682,60.0070179552294,107.525104003033,129.98152573385,137.677155980374,164.218879904678,188.110444395456,180.032235580129,98.6155821470865,119.781068266778,134.074266724337,168.53391985174,263.696781416856,120.70619113792,140.446339815206,177.524444072556,130.304147799455,83.3355124190046,225.941710818722,115.687917177278,207.748501079516,162.33958735769,127.916893900123,144.184197255732,67.0108029357435,241.508007657966,145.501943533756,162.084422544261,124.934355039305,155.754812924662,130.083744314811,132.697436758493,143.304970946155,63.642463204239,46.6293773042679,66.2178469139095
"Lsat_1_v5_gn_0_12601",687.002404551233,697.147255643411,715.10104554423,1484.61738902104,1379.67389177366,1310.23410385349,2025.55682726358,2064.57306946564,1555.64734803674,2274.76065157157,1853.36028842854,1783.53741197178,2193.45016596127,1469.2228277826,1950.73712622136,1236.44594815118,1208.55916388962,1220.58384795443,1206.37695609164,522.536714481458,1031.49244502971,741.374881226453,522.499873455646,521.725761555627,962.250961368712,779.689962720571,565.579154098312,1625.43154193397,1251.40911449512,1876.51153523959,1238.92361099506,2453.36218560023,2232.35212601144,1826.39441793455,643.777171989685,430.485128809255,641.566453884764,1067.50784964396,1358.41460567303,1376.66606465545,1458.53750364593,1567.50958529205,1605.31188153358,1811.56491676202,1896.95933948263,1803.68932089468,1640.87731426502,1614.44530646968,1351.98081853691,1144.75814193179,1099.61701704145,738.560978813428,884.321040294586,608.29453225472,501.114566240288,603.225876764365,520.739695735252,390.393469762596,368.559416146589,755.564237124295,666.245741444041,981.511225406917,936.401185343142,1073.30567768938,1126.46987098145,1251.35109717418,677.917579453043,872.571666563382,290.305478055603,199.536445367247
"Lsat_1_v5_gn_0_13600",5.75378898284115,48.7253458245395,33.3421346388721,51.5747976334852,72.90584444824,46.0235909147218,29.6727677085643,49.6108131294886,33.506250573099,18.8169539192501,18.5336028842854,20.8448492268433,35.1994974626771,14.5756232914941,23.1541498661289,10.5588893949717,10.198811509617,16.2624050800738,17.4837240013282,43.5447262067881,34.6012878205796,30.3842164437071,64.660662982535,16.2194537271179,18.5048261801675,12.2038428947568,60.4291583677662,48.8203820015504,279.662049441471,51.1618209700257,28.9345217005216,279.673336370654,105.465454772194,18.7692706981416,69.3093435682477,22.1765066356283,28.6733610674755,53.928505357661,44.0566899137198,27.7252654384521,68.1559581142956,104.115027805376,63.6632239177394,146.509075235398,30.6455466798486,171.879506350038,59.5726948051368,54.9644263217313,62.8312572857503,53.0743183309703,124.679508326097,204.172005426561,51.8554746141328,134.347258657484,57.9177639373197,130.222043096276,86.1851412802245,80.1023318087401,148.912895412763,68.8941338460028,42.4670744285125,85.5445563428047,181.943235494134,86.3664128539595,107.941830388886,109.867770219398,140.687528554444,199.301397929064,141.392305374232,51.20846828009
"Lsat_1_v5_gn_0_15201",600.695569808616,700.895359168375,661.578145202883,555.043060246079,583.24675558592,606.936105187893,665.294686518337,473.21083292743,525.569473275181,603.187911744851,623.470401027362,698.302449099252,551.458793581941,617.034719339916,694.624495983867,863.717152508684,829.928286595085,818.541055697049,841.161388063899,1118.7645040821,725.691874291076,936.846673680969,877.090605940516,554.164669009862,605.724643630817,659.007516316865,812.016815566859,594.45994554829,589.961233512767,828.994929616009,753.612769745402,807.171088244131,749.558053559522,864.830242168216,719.750875516418,633.987189700902,713.249856553453,529.605578256004,536.94090832346,627.017541454225,638.848514057997,433.812615855732,786.42806016031,792.93087340239,745.452922987316,512.711130864104,489.722594059875,570.121206356782,702.970890338218,868.405656829152,878.381197756039,843.772063242422,554.668380247599,974.950592340771,595.545703094613,652.278126181796,594.223868826811,503.379916734925,725.950365137221,550.39599237411,612.639762247394,423.220436643349,494.885600544044,572.823387817715,561.851065870355,537.924017827441,594.813783516232,584.505780481037,395.597620355563,357.576373335111
"Lsat_1_v5_gn_0_15220",182.970489654348,133.994701017483,162.323550215561,184.195705833876,189.18605204923,161.082568201526,273.30180784204,240.421632858291,250.818218575769,270.755059171432,318.036625494338,310.067132249295,286.810720066258,291.512465829881,265.629552630868,227.016121991891,261.344544933936,207.797398245388,207.86205201579,228.888945445938,201.996707276897,183.318105877033,205.45404205741,210.852898452533,189.982882116387,195.261486316108,159.570746314883,189.537953653078,172.039294459782,234.130367150965,198.596035308125,287.635566587613,288.774459495293,256.994629559169,135.952943153101,127.841038252445,164.871826137984,153.488822941035,146.855633045733,236.731112589861,247.178941427845,234.981833588522,237.176716556284,264.31029113413,327.141210807383,279.356472607848,290.854921695668,259.733857716417,224.71414370433,291.908750820336,211.861420163143,192.713372468948,225.941710818722,172.598908691907,241.743710347074,224.822809829894,153.318830277452,144.184197255732,138.985369051912,211.224871901481,192.842288798327,238.624288745718,128.573219749188,139.514974610242,174.367572166662,273.955998469148,187.801491605235,224.423422878106,145.904825758516,182.76125748239
"Lsat_1_v5_gn_0_15241",2237.07315652864,1744.74219087101,1794.33329832877,2317.18197939016,1984.14639954071,2157.35582412758,1883.43988718571,1789.80548905617,1569.04984826598,1718.61512462484,1746.60673581506,1627.20104277046,1669.36875929474,1611.09222781981,1448.42070829228,1299.79928452101,1199.6352038187,1096.80887595609,1190.83586809046,1048.42302328651,1289.59934877241,1129.28004449111,1211.865973963,1459.75083544061,1614.85449798929,1608.19529702017,1104.72055141073,1410.04750369184,1343.3205183846,1368.36192357119,1441.46526289871,1448.13062070926,1740.1800037412,1433.68352332728,1579.45331016103,1638.45249025583,1823.14787454032,2300.94956192687,2496.54576177745,2262.8082023229,1810.22224751569,1768.50943063853,1939.85588172876,1657.13643205443,1818.81319544901,1653.13792847129,1621.60379535747,1952.85373519563,1716.40211079426,1222.53947052028,1115.55349554929,1088.57013097325,1315.83266833362,1267.90225358001,1607.21794926062,1510.69249098685,1639.33210835122,1625.65574449738,1749.72652109997,1636.04640924409,1736.27678073296,1958.52010574316,1852.18213733028,1843.22164868664,2717.91993440733,2696.75435993067,2563.78482268053,2904.10608410922,5559.42511343787,4636.13218859918
"Lsat_1_v5_gn_0_15420",8809.0509327298,6860.90350244765,6868.47973560765,5991.27232508986,7367.18172443418,5476.80731885189,6393.70057888749,12327.6510266122,5972.72849501612,6336.08653914305,12325.5872621652,5923.84558965354,7792.12579016374,6046.94024953117,4810.91780551789,5521.24326463069,5699.86078243721,5080.19465362528,4549.65351234562,5741.20467064884,4502.84326638084,5602.84951221959,7307.69783094553,5905.23277781485,8079.20711026115,7699.26888404765,6206.26340548949,7737.55191604964,5381.9233166391,7500.84324391054,5504.1351507583,10366.8237424795,7557.102050879,5586.02371777768,5821.9848597328,5628.91918427859,6347.56530631238,6879.34138857342,5141.78285201371,7331.19999574456,10620.5157664236,12955.8137725314,6120.40758566032,5479.24142856708,4894.09380477182,13271.1052421219,13947.8952057733,6277.79967302128,5090.07103140796,6381.72924207218,5829.00137422311,5378.26563274151,8435.77453097768,6317.12005812379,8421.99832558112,8001.35620854339,5954.93965645678,7557.4442105446,8748.63260549984,6803.1064476943,8097.28758488573,8754.80998992546,7158.85983924252,7551.52481620518,10700.0799047034,9775.37784120902,10446.8669459149,9527.94666233988,10536.7350973031,10486.2582372867
"Lsat_1_v5_gn_0_15441",8.05530457597761,12.1813364561349,15.7936427236762,11.0517423500325,14.7657406477448,8.62942329651033,17.1789707786425,8.90450492067744,16.2744645640766,18.8169539192501,8.896129384457,13.0280307667771,15.6442210945232,8.74537397489644,12.8634165922938,13.7265562134632,11.4736629483191,12.6485372845019,12.6271340009592,14.514908735596,19.6385687630317,12.1536865774828,10.4291391907315,20.2743171588974,23.4394464948789,8.13589526317117,11.3304671939562,8.61536152968536,14.1402159829957,9.5386445876319,5.26082212736755,6.96695143983837,11.2998701541637,10.1065303759224,13.3287199169707,16.958505074304,15.5314039115492,8.29669313194784,6.4249339457508,11.7299199931913,13.6311916228591,15.1834415549506,9.98638806552774,8.90933565620663,5.3629706689735,10.0367594948927,11.3888975362762,8.6218707955657,5.91353009748238,10.0658189938047,14.0615986833944,20.8338781047512,6.4819343267666,13.0615390361443,10.7021955101569,12.8470177045654,12.7009681886647,8.43182440092001,7.44564477063816,7.57078393912119,10.442723220126,11.2558626766848,10.916594129648,18.4543617209315,6.91934810185166,4.28056247608043,10.4697695668424,16.7480166326945,3.00834692285599,11.4777601317443
"Lsat_1_v5_gn_0_15460",310.704605073422,297.974230234684,300.956636345608,341.376041478783,319.309141507482,384.00933669471,287.357329388202,324.378393538964,314.001433942184,286.435854104141,348.431734224566,368.693270699792,417.831071732889,297.342715146479,410.342989294173,276.642902148258,322.537413991638,271.040084667897,269.055086020439,266.851014446727,339.466688618119,280.547598496896,331.64662626526,396.024995170463,271.404117309124,320.011880351399,287.982707846386,254.631796321812,268.664103676919,300.033729756422,331.431794024156,341.38062055208,315.140823188342,278.651480364717,282.568862239779,270.031580798533,255.670802851656,374.733973126311,391.920970690799,376.423796145139,266.262609699848,381.032080926618,299.591641965832,299.947633758957,273.511504117648,339.158831264917,412.628518429698,367.507242660988,360.725335946425,229.683687949544,278.41965393121,260.423476309389,324.09671633833,204.319789208257,395.981233875805,268.619461095458,217.730883234251,229.345623705024,166.286066544252,254.378340354472,255.498628119084,234.121943675044,236.526206142374,284.197170502345,239.409444324068,278.236560945228,246.693945418723,232.797431194453,269.247049595611,216.311633252104
"Lsat_1_v5_gn_0_16380",109.321990673982,120.876338680107,128.981415576689,124.02510859481,107.05161969615,109.306028422464,135.8700416129,137.383790204738,110.091966168754,209.077265769446,135.665973112969,147.216747664581,192.945393499119,167.133813742465,189.092223906719,213.289565778428,246.04632766951,146.361645720664,182.607784013872,207.674848063143,203.867047159091,175.215648158711,155.394173941899,141.920220112282,114.729922317039,195.261486316108,163.347568712868,123.486848592157,75.414485242644,151.751163894144,135.466169779715,234.885791400265,173.264675697176,150.154165585133,135.952943153101,117.405035129797,96.7725936027298,77.4358025648465,70.6742734032588,71.4458763221651,159.030568933356,137.373995020982,117.340059769951,151.458706155513,127.179018721372,159.751755293709,202.371948529215,133.638997331268,141.185531077392,271.777112832727,156.552465341791,188.546596847998,372.248228480025,138.079126953525,175.012373636683,221.319077728649,144.246710142692,155.145568976928,147.671954617657,183.970049720645,144.805761985748,122.688903175865,75.203204004242,114.417042669775,229.722356981475,152.673394980202,124.328513606253,242.84624117407,166.963254218507,329.32342531851
"Lsat_1_v5_gn_0_17841",86.3068347426172,63.7177599243977,126.34914178941,162.092221133811,146.734547686964,80.5412841007631,67.1541584983298,73.7801836284702,38.2928577978274,16.7261812615557,64.4969380373133,41.6896984536867,160.353266218862,55.3873685076775,19.2951248884407,34.8443350034065,24.2221773353404,89.443227940406,24.2829500018447,32.3794117947912,81.359784875417,16.2049154366438,50.059868115511,83.8005109234426,41.9442726750464,51.5273366667508,27.3819623853941,29.6751341578051,21.2103239744936,29.4830832708622,17.0976719139446,873.854766311155,128.065195080521,20.2130607518448,89.3024234437037,53.4845160035741,111.109274136467,30.4212081504754,41.3031467941123,186.612363528043,159.030568933356,156.172541708064,67.4081194423123,210.85427719689,65.1217866946782,898.708173105187,308.376302520708,165.97101281464,187.01538933288,113.469232293799,280.294533755662,647.933609057761,179.642179913246,264.029681944917,188.862273708651,185.69780136599,619.625805204141,724.293716039029,1760.89498825593,483.773093709844,669.030467636075,1089.56750710309,1017.66916386386,558.059898440969,2035.67221156476,1298.43728441106,2200.61469083068,2036.55882253565,8181.19945670687,5237.39023857748
"Lsat_1_v5_gn_0_18260",443.041751678768,480.694277076706,415.899258390141,703.627596285405,598.935355024149,788.15399441461,977.639609766382,708.544177259619,838.613585772419,876.033743573978,863.665894407701,1102.17140286934,447.16398628512,1304.032430479,926.80916547477,888.002598117119,475.519586635893,720.966625216606,509.941950038738,768.173631545391,519.954487249792,502.352378535958,542.315237918036,437.925250632184,371.330178682029,547.816947720192,412.617846979904,605.947094254537,586.818963294323,551.507087066717,720.732631449355,389.154001853829,662.925715710934,736.332927388632,597.126652280288,527.018157693754,567.493604460452,1003.89986896569,881.133798274396,734.719534118982,441.650608580635,387.539270164454,1022.3564782084,1063.18072164066,1140.01433649037,487.201033814585,265.44891949936,910.685102781627,1160.53028163092,629.571224339785,740.577530658774,791.687367980544,359.284359826492,870.458280051616,305.956883408015,353.292986875548,645.02774158147,510.968558695753,415.715166360631,358.855158714344,369.672401992462,320.792086285517,376.01602002121,338.822081196303,369.493188638879,395.238601958093,429.260552240537,470.619267378715,185.013335755643,194.239017614134
"Lsat_1_v5_gn_0_18280",20.7136403382281,23.4256470310286,28.0775870643133,30.6992843056459,26.7629049240375,46.0235909147218,26.5493184760839,41.9783803403365,32.5489291281533,36.588521509653,37.0672057685708,37.7812892236536,37.8068676450976,29.1512465829881,31.5153706511199,24.2854456084349,25.4970287740425,18.9728059267528,25.2542680019184,30.1463489123918,28.9902681739992,36.4610597324485,23.9870201386824,29.7356651663829,18.5048261801675,18.9837556140661,31.1587847833795,12.4444110984344,37.707242621322,24.280186223063,43.4017825507823,36.8253147534314,33.899610462491,38.9823314499864,29.3231838173356,36.5260109292701,15.5314039115492,17.9761684525537,35.7960605548973,10.6635636301739,20.901160488384,33.9819882420324,16.2278806064826,17.8186713124133,34.4762400148296,35.5468565444118,25.4060021963084,21.5546769889142,28.0892679630413,20.1316379876094,29.0606372790152,25.0006537257014,16.6678311259713,23.3241768502577,25.811177406849,28.6138121601683,20.8658763099491,21.0795610023,17.373171131489,28.7689789686605,21.5816279882605,13.5070352120218,16.9813686461192,26.5742808781414,16.606435444444,24.2565206977891,19.6308179378294,33.4960332653889,13.537561152852,7.94614162966914
"Lsat_1_v5_gn_0_18301",424.629626933677,731.817213249333,673.86208954352,400.318667345623,313.771988764577,402.706420503815,357.634937119012,457.945967349126,429.837328780612,602.142525416004,429.23824280005,482.037138370752,492.792964477479,397.428661748072,466.298851470651,657.818809306736,611.928690577021,675.793277771957,474.974502036082,493.506897010266,418.956133611343,610.722750518513,593.41801995262,450.089840927522,935.110549637799,664.431446492312,752.531862798589,936.202619559143,611.171557487261,659.033626054568,507.669335290969,588.209757277782,408.050866678132,524.095789494261,937.009010163041,870.101760350827,635.592836995707,316.657121202676,258.833053243104,392.4191415904,472.547976259116,503.945655419076,376.986149473672,588.016153309638,454.320229528755,480.50986081799,588.718395721352,358.885371865422,357.768570897684,575.581831554833,603.711303473735,423.969419431686,596.337958062527,460.885734561092,433.753688617536,583.955350207517,454.5132187515,524.459477737225,743.32353626871,734.366042094755,715.674631352638,606.690998273312,396.636253377212,524.842047343293,502.344672194431,545.058288620909,494.042251435374,551.009747215648,314.372253438451,384.063512100675
"Lsat_1_v5_gn_0_19261",119.678810843096,71.2139669743269,67.5616938735039,114.201337617003,75.6744208196922,74.7883352364229,81.2096800444918,106.854059048129,85.2016086001659,150.535631354001,116.391026113312,91.1962153674396,48.2363483747797,66.0761589214398,97.7619661014331,98.1976713732366,20.397623019234,51.4976160869005,72.848850005534,59.1761663835839,77.61910511103,111.408793626926,69.8752325779008,74.3391629159572,71.5519945633145,65.0871621053694,51.9313079722991,91.8971896499772,46.3484857220416,62.4347645735906,93.3795927607741,38.8158723076709,50.2216451296162,67.8581325240504,66.6435995848535,101.751030445824,97.9673169805412,127.215961356534,123.909440382337,86.3748654044086,28.1711293539088,72.302102642622,61.1666269013574,72.264611433676,55.1619840237274,64.4025400922284,70.961592341413,7.54413694611999,82.050230102568,107.978785569905,68.4331135925196,81.2521246085295,69.4492963582136,76.5033000688451,76.8039913081848,57.2276243203366,115.215925711458,62.3955005668081,101.757145198722,72.6795258155634,72.4028809928738,78.7910387367938,66.7125196811824,53.8867362251201,94.1031341851826,51.3667497129652,79.1776323492454,85.4148848267418,88.7462342242517,161.571546469939
"Lsat_1_v5_gn_0_19660",46.0303118627292,50.5993975870217,45.6260789795091,34.3831984223235,37.8372104098461,46.0235909147218,26.5493184760839,34.3459475511844,27.7623219034248,37.6339078385002,43.7393028069136,36.4784861469759,47.5845058291746,44.6985780939151,44.3787872434137,48.5708912168697,42.0700974771702,38.8490788023986,38.8527200029515,45.7777890891875,45.8233271137406,46.5891318803509,61.5319212253156,50.0099823252803,24.6731015735567,51.5273366667508,43.433457576832,31.5896589421797,42.4206479489872,39.0217278584942,26.3041106368378,43.7922661932697,38.9217749754526,41.8699115573928,34.6546717841238,37.8305113196012,38.2311480899673,30.4212081504754,26.617583489539,44.7869672467304,49.9810359504834,46.9963667177043,57.4217313767845,35.6373426248265,34.4762400148296,43.0744261655813,56.0684186401288,39.8761524294914,42.1339019445619,42.0934248831833,27.1857574545626,38.5426744937896,46.2995309054757,36.385715886402,54.1405184631467,34.4533656622435,29.9379964447096,41.315939564508,28.5416382874463,31.0402141503969,38.2899851404621,34.893174297723,21.8331882592961,54.6249106939573,24.909653166666,31.3907914912565,37.2985540818759,31.8212316021195,21.0584284599919,30.018757267639
"Lsat_1_v5_gn_0_19860",708.866802686029,737.43936853678,716.855894735749,488.732606145883,610.932519300442,727.748031339038,498.190152580633,625.859488710472,625.130903549532,606.324070731393,664.244327372789,608.40903680849,791.988692910234,592.742013854092,702.985716768858,721.172145676566,609.378987699617,629.716463378414,692.54973405261,558.265720599848,721.951194526689,647.183810250961,775.92795579042,537.945215282745,309.647424748137,692.907079913412,715.707844418232,689.228922374829,754.14485242644,587.927366401312,572.114406351222,763.378822050861,880.134330896524,719.007446744193,599.792396263682,615.724184236267,658.292581174125,575.237390481717,571.819121171821,571.567010577321,705.186979955912,668.794449444254,577.962209292418,536.539991740444,502.586965549517,688.354422024727,721.880889991658,627.241100377405,691.883021405438,608.524511898194,524.028910934499,569.806566164944,760.238297467911,482.343977263329,790.703385926886,679.724027641549,677.687374066608,639.132289589737,456.666212599141,661.686516279192,543.021607446554,602.188653202638,564.024030031815,623.757426167486,427.615712694433,509.386934653572,533.958247908961,381.854779225434,374.539191895571,437.920694257321
"Lsat_1_v5_gn_0_19880",67.8947099975255,40.2921128933692,44.7486543837494,23.3314560722909,60.9086801719474,57.5294886434022,26.5493184760839,45.7945967349126,44.0367864675015,27.1800445500279,54.8594645374848,36.4784861469759,74.9618927445901,78.708365774068,47.5946413914872,64.4092253093273,68.8419776899149,61.4357525247233,57.3077620043534,31.2628803535915,54.2398565836113,40.5122885916095,64.660662982535,52.7132246131333,17.2711711014897,52.8833192106126,60.4291583677662,53.6066939624867,42.4206479489872,29.4830832708622,36.8257548915729,74.6459082839825,119.276407182839,66.4143424703472,37.320415767518,39.1350117099323,54.957275379328,34.5695547164493,34.8782128483615,66.1140945070782,67.247212006105,52.0575139026879,53.6768358522116,48.506383017125,54.3958453567312,66.0753333413772,56.0684186401288,118.550723439028,72.4407436941591,53.9893927849525,66.558233768067,60.4182465037783,70.3752869763231,49.4472549225463,115.205986962277,69.4906866746945,83.4635052397964,64.9250478870841,47.1557502140417,66.6228986642664,74.4914256368991,83.2933838074677,82.4809334240073,87.1045873227968,52.5870455740726,117.002041012865,79.8319929471731,70.3416698573168,106.796315761388,191.590303737578
"Lsat_1_v5_gn_0_20061",43.7287962695927,45.914268180816,41.2389560007102,38.067112539001,37.8372104098461,28.7647443217011,29.6727677085643,43.2504524718619,36.378214907936,27.1800445500279,35.584517537828,28.6616676869096,44.3252931011489,45.6702863133481,36.0175664584227,43.2914465193839,33.1461374062553,25.2970745690037,26.2255860019922,20.0975659415945,63.5915559945788,23.2945659401754,27.1157618959018,40.5486343177948,13.5702058654562,35.2555461404084,39.6566351788466,40.205020471865,29.8515670752132,19.0772891752638,31.5649327642053,51.7544964102279,69.0547620532223,49.0888618259088,25.3245678422443,35.221510538939,38.2311480899673,24.8900793958435,18.3569541307166,34.1234036165565,54.5247664914365,57.8416821140976,39.945552262111,27.7179331526429,39.8392106838031,35.965054856699,42.9273830213486,62.5085632678513,31.0460330117825,29.2823825274319,29.0606372790152,37.5009805885521,37.0396247243806,26.1230780722886,35.8838320046437,40.2929191643186,33.5668444986138,45.531851764968,37.2282238531908,49.9671739981998,52.9097976486386,57.4048996510926,38.8145569054152,58.3157830381436,34.5967405092583,41.3787706021109,47.1139630507907,20.0976199592334,46.6293773042679,82.9930347987666
"Lsat_1_v5_gn_0_20081",28.7689449142057,54.3475011119863,48.2583527667885,24.5594274445167,61.8315389624314,79.103046884678,37.4813907897655,30.5297311566084,44.9941079124472,28.2254308788752,25.2056999226282,14.3308338434548,29.984757097836,15.547331510927,25.7268331845877,36.9561128824009,35.6958402836595,11.7450703356089,21.3689960016233,21.2140973827942,24.3144184685154,25.3201803697559,18.7724505433166,62.1745726206187,134.468403575884,23.0517032456517,25.4935511864014,10.5298863140599,13.3546484283849,12.1400931115315,17.0976719139446,26.8725269822337,59.0104330272991,17.3254806444384,34.6546717841238,33.917010148608,38.2311480899673,27.6556437731595,17.4391064241807,24.5261963494,45.4373054095304,59.2877241669501,19.9727761310555,26.7280069686199,35.2423786818259,27.1828902986678,25.4060021963084,23.7101446878057,14.0446339815206,13.7261168097337,8.43695921003666,77.0853489875793,24.0757560708474,8.39670366609276,30.2179637933842,24.5261247087157,11.7937561751886,8.43182440092001,7.44564477063816,22.7123518173636,25.7587172763109,24.7628978887066,20.6202333560018,14.7634893767452,8.30321772222199,11.4148332695478,9.16104837098707,25.1220249490417,10.529214229996,17.6580925103759
"Lsat_1_v5_gn_0_21300",10.3568201691141,8.43323293117029,14.0387935321567,7.36782823335503,8.30572911435646,7.19118608042528,6.24689846496091,7.63243278915209,2.87196433483705,4.18154531538891,10.3788176151998,1.30280307667771,5.21474036484105,5.83024931659763,13.5065874219085,9.50300045547451,6.37425719351063,0.90346694889299,8.74186200066408,18.9810345003948,16.8330589397415,11.1408793626926,16.6866227051703,6.75810571963247,7.40193047206701,20.3397381579279,6.60943919647443,5.74357435312358,14.1402159829957,14.7415416354311,9.20643872289322,2.9858363313593,7.53324676944244,10.1065303759224,13.3287199169707,3.91350117099322,7.16834026686887,11.0622575092638,11.9320201849658,9.59720726715651,11.8136994064779,7.2302102642622,7.48979104914581,4.9496309201148,3.83069333498107,7.52756962116955,8.76069041252012,11.8550723439028,8.13110388403827,10.0658189938047,13.1241587711681,20.8338781047512,13.8898592716427,9.32967074010307,6.92495003598388,7.59141955269772,9.97933214823653,10.118189281104,14.8912895412763,9.84201912085754,5.56945238406722,9.00469014134786,10.916594129648,5.16722128186083,8.30321772222199,4.28056247608043,7.19796657720413,8.37400831634723,33.0918161514159,12.3606647572631
"Lsat_1_v5_gn_0_22321",754.897114548759,410.417335983621,594.893875925138,510.836090845948,693.989810444006,297.715103729606,545.041891067839,770.875711704361,697.887333365404,558.23629960442,997.107835174556,690.485630639186,544.94036812589,715.177249502642,575.637892505149,655.707031427741,603.004730506106,700.186885392068,406.982242030917,608.509635453834,400.252734789408,310.931814940603,505.813250750476,433.870387200405,339.255146636405,515.273366667508,412.617846979904,367.588758599909,360.575507566391,410.161717268172,423.496181253088,393.135116962308,379.173420728603,392.71089460727,386.53287759215,555.717166281038,519.704669347993,483.973766030291,352.453519309758,554.505308769043,695.190772765815,756.279993641826,738.992716849053,524.660877532168,585.329941585108,816.741303896896,762.180065889251,654.184446613547,523.34741362719,451.131705813247,488.4061942699,446.886685346912,538.926539739737,397.443973528391,535.109775507845,370.811647381773,388.286741767748,362.56844923956,362.354712171057,333.114493321332,409.354750228941,362.438778189251,362.673516084973,324.058591819558,296.148098759251,383.823768688546,434.495437023958,460.570457399098,278.272090364179,339.035376199217
"Lsat_1_v5_gn_0_22900",82.8545613529125,57.1585787557097,93.0070071505379,46.6629121445818,100.591608162762,67.5971491559976,51.5369123359275,142.472078730839,82.3296442653289,81.5401336500838,77.8411321139988,78.1681846006626,108.205862570452,99.1142383821597,75.8941578945336,60.1856695513386,87.9647492704467,63.2426864225093,44.6806280033942,24.5636917063933,86.9708045219975,37.4738669472388,60.4890073062424,68.9326783402512,23.4394464948789,70.5110922808168,42.4892519773356,81.3673033359173,68.3443772511461,52.8961199859587,107.846853611035,95.5467626034976,139.365065234685,115.503204296256,30.6560558090326,62.6160187358916,65.7097857796313,47.0145944143711,63.3314917509722,71.4458763221651,138.129408444972,108.453153963933,87.3808955733678,65.3351281455153,98.0657493755154,110.40435444382,86.7308350839492,120.70619113792,83.5286126269386,66.800435140704,46.8719956113148,36.4592866833145,105.562930464485,50.3802219965566,108.910577838656,63.0671778224118,89.8139893341287,73.3568722880041,37.2282238531908,90.0923288755421,69.6181548008402,130.568007049544,90.9716177470669,95.9626809488439,67.8096113981463,109.867770219398,98.1540896891472,61.9676615409695,160.946560372795,149.210881712676
"Lsat_1_v5_gn_0_22980",746.841809972781,613.751952212949,708.081648778151,854.668075069183,945.007401455668,975.124832505667,1113.50965137928,1001.12076751045,902.75412258378,988.935467089478,1152.04875528718,1278.04981822083,567.103014676464,1024.18046328232,1002.7033233693,554.341693236013,534.162752816191,464.382011730997,356.47370602708,708.997465161807,371.262466615409,333.213573665988,463.053780068477,423.057418048993,302.24549427607,795.961753246913,445.665042962276,332.17005008898,447.773506128199,579.255871321647,857.514006760911,394.130395739428,895.200824435409,1079.95496016999,573.13495642974,558.3261670617,419.347905611829,969.33031424924,787.513332207741,794.435490447956,734.266855418011,713.621753082679,1209.60125443705,1046.35197651227,1242.67691786786,761.120928362699,397.735344728414,811.533588632622,935.816137926586,339.492622427413,524.966350846726,521.888646524016,451.883421637443,477.679141893277,462.712570586196,439.134423356053,350.183837201754,300.172948672752,235.778751070208,487.558485679404,499.858351470033,314.038568679507,332.349643502618,422.973970643751,343.199665851842,556.473121890456,493.387890837447,406.976804174476,407.631008046987,385.829321351713
"Lsat_1_v5_gn_0_23001",208.28716117885,176.160865673335,162.323550215561,212.43904739507,221.486109716172,195.600261387567,173.351432402665,180.6342426766,230.71446823191,222.66728804446,171.991834766169,212.356901498467,208.589614593642,153.529898670404,202.598811328628,295.648903059207,206.525933069745,246.646477047786,246.714772018742,203.208722298345,173.006439102898,265.355490275042,230.483976115165,195.985065869342,217.123293847299,187.125591052937,257.768128662503,187.623428868703,230.956861055597,194.241489784504,213.063296158386,161.235161893402,248.5971433916,223.787458323996,210.593774688137,210.024562843303,175.624336538287,206.034546110038,215.69421103592,156.754385363556,193.562921044599,214.014223822161,225.942029982565,158.388189443673,193.833082750042,194.462215213547,190.983050992939,168.126480513531,178.884285448842,191.250560882289,271.857574545626,266.673639740815,174.086236204589,189.392316024092,187.603191883927,183.36197996516,210.473187126443,164.42057581794,229.574047094677,230.151831749284,178.222476290151,190.224079235974,211.054153173195,183.067268271641,154.993397481477,135.55114507588,166.86195247155,185.902984622909,224.121845752771,159.805737218902
"Lsat_1_v5_gn_4_1201",13.8090935588188,22.4886211497874,26.3227378727937,17.1915992111617,18.457175809681,11.5058977286804,9.37034769744137,25.441442630507,16.2744645640766,7.3177043019306,17.0509146535426,10.4224246134217,24.1181741873899,8.74537397489644,16.0792707403673,8.44711151597735,16.5730687031276,13.5520042333949,10.6844980008117,6.69918864719818,25.2495884096122,11.1408793626926,18.7724505433166,32.4389074542359,17.2711711014897,14.9158079824805,16.9957007909343,9.57262392187263,7.07010799149787,26.8816347469626,23.673699573154,41.8017086390302,20.0886580518465,14.437900537032,18.660207883759,9.13150273231753,25.089190934041,11.0622575092638,14.6855633045733,18.1280581712956,19.0836682720028,34.7050092684586,18.7244776228645,15.8388189443673,12.2582186719394,31.3648734215398,49.0598663101127,19.3992092900228,21.4365466033736,16.4713401716804,17.8113583322996,29.1674293466516,55.5594370865709,37.3186829604123,44.067863865352,40.2929191643186,49.8966607411826,85.1614264492921,255.63380379191,90.0923288755421,119.743226257445,226.242839801365,154.045272718367,179.376395927454,506.496281055542,446.605351671059,672.682694669622,644.798640358737,1421.44392104946,1347.31245854168
"Lsat_1_v5_gn_4_120101",0,0,0,0,0,0,0,0,0,0,0,0,0,0,0,0,0,0,0,0,0,0,0,0,0,0,0,0,0,0,0,0,0,0,0,0,0,0,0,0,0,0,0,0,0,0,0,0,0,0,0,0,0,0,0,0,0,0,0,0,0,0,0,0,0,0,0,0,0,0
"Lsat_1_v5_gn_4_120120",0,0,0,0,0,0,0,0,0,0,0,0,0,0,0,0,0,0,0,0,0,0,0,0,0,0,0,0,0,0,0,0,0,0,0,0,0,0,0,0,0,0,0,0,0,0,0,0,0,0,0,0,0,0,0,0,0,0,0,0,0,0,0,0,0,0,0,0,0,0
